BS,CellName,RUType,Mode,Frequency,Bandwidth,Antennas,TXpower
B_0,Cell0,Type1,Mode2,365,20,4,6.87593423
B_1,Cell0,Type2,Mode2,532,20,4,6.87593423
B_2,Cell0,Type1,Mode2,365,20,4,6.87593423
B_3,Cell0,Type2,Mode2,532,20,4,6.87593423
B_4,Cell0,Type2,Mode2,532,20,4,6.87593423
B_5,Cell0,Type3,Mode2,189,10,4,6.427503737
B_6,Cell0,Type3,Mode2,189,10,4,6.427503737
B_7,Cell0,Type1,Mode2,365,20,4,6.87593423
B_8,Cell0,Type1,Mode2,365,20,2,6.87593423
B_9,Cell0,Type4,Mode2,532,20,2,6.87593423
B_10,Cell0,Type1,Mode2,365,20,2,6.87593423
B_11,Cell0,Type4,Mode2,532,20,2,6.87593423
B_12,Cell0,Type4,Mode2,532,20,2,6.87593423
B_13,Cell0,Type5,Mode2,189,10,2,5.979073244
B_14,Cell0,Type5,Mode2,189,10,2,6.427503737
B_15,Cell0,Type5,Mode2,189,10,2,6.427503737
B_16,Cell0,Type1,Mode2,365,20,2,6.87593423
B_17,Cell0,Type1,Mode2,365,20,2,6.87593423
B_18,Cell0,Type4,Mode2,532,20,2,6.87593423
B_19,Cell0,Type1,Mode2,365,20,2,6.87593423
B_20,Cell0,Type4,Mode2,532,20,2,6.87593423
B_21,Cell0,Type4,Mode2,532,20,2,6.87593423
B_22,Cell0,Type6,Mode2,189,10,2,6.427503737
B_23,Cell0,Type6,Mode2,189,10,2,6.427503737
B_24,Cell0,Type6,Mode2,189,10,2,6.427503737
B_25,Cell0,Type1,Mode2,365,20,2,6.87593423
B_26,Cell0,Type1,Mode2,365,20,2,6.87593423
B_27,Cell0,Type4,Mode2,532,20,2,6.87593423
B_28,Cell0,Type1,Mode2,365,20,2,6.87593423
B_29,Cell0,Type4,Mode2,532,20,2,6.87593423
B_30,Cell0,Type4,Mode2,532,20,2,6.87593423
B_31,Cell0,Type3,Mode2,189,10,2,6.427503737
B_32,Cell0,Type3,Mode2,189,10,2,6.427503737
B_33,Cell0,Type3,Mode2,189,10,2,6.427503737
B_34,Cell0,Type1,Mode2,365,20,2,6.87593423
B_35,Cell0,Type1,Mode2,365,20,2,6.87593423
B_36,Cell0,Type1,Mode2,365,20,2,6.87593423
B_37,Cell0,Type4,Mode2,532,20,2,6.87593423
B_38,Cell0,Type4,Mode2,532,20,2,6.87593423
B_39,Cell0,Type6,Mode2,189,10,2,6.427503737
B_40,Cell0,Type6,Mode2,189,10,2,6.427503737
B_41,Cell0,Type1,Mode2,365,20,2,6.87593423
B_42,Cell0,Type4,Mode2,532,20,2,6.87593423
B_43,Cell0,Type1,Mode2,365,20,2,6.87593423
B_44,Cell0,Type4,Mode2,532,20,2,6.87593423
B_45,Cell0,Type4,Mode2,532,20,2,6.87593423
B_46,Cell0,Type1,Mode2,365,20,2,6.87593423
B_47,Cell0,Type7,Mode2,365,20,2,6.87593423
B_48,Cell0,Type4,Mode2,532,20,2,6.87593423
B_49,Cell0,Type7,Mode2,365,20,2,6.87593423
B_50,Cell0,Type2,Mode2,532,20,2,6.87593423
B_51,Cell0,Type3,Mode2,189,10,4,6.427503737
B_52,Cell0,Type4,Mode2,532,20,2,6.87593423
B_53,Cell0,Type3,Mode2,189,10,4,6.427503737
B_54,Cell0,Type3,Mode2,189,10,4,6.427503737
B_55,Cell0,Type3,Mode2,189,10,4,6.427503737
B_56,Cell0,Type7,Mode2,365,20,2,6.87593423
B_57,Cell0,Type7,Mode2,365,20,2,6.87593423
B_58,Cell0,Type4,Mode2,532,20,2,6.87593423
B_59,Cell0,Type7,Mode2,365,20,1,6.87593423
B_60,Cell0,Type4,Mode2,532,20,1,6.87593423
B_61,Cell0,Type6,Mode2,189,10,1,6.427503737
B_62,Cell0,Type1,Mode2,365,20,4,6.87593423
B_63,Cell0,Type1,Mode2,365,20,4,6.87593423
B_64,Cell0,Type4,Mode2,532,20,2,6.87593423
B_65,Cell0,Type4,Mode2,532,20,2,6.87593423
B_66,Cell0,Type6,Mode2,189,10,2,6.427503737
B_67,Cell0,Type6,Mode2,189,10,2,6.427503737
B_68,Cell0,Type7,Mode2,365,20,2,6.87593423
B_69,Cell0,Type4,Mode2,532,20,2,6.87593423
B_70,Cell0,Type7,Mode2,365,20,2,6.87593423
B_71,Cell0,Type4,Mode2,532,20,2,6.87593423
B_72,Cell0,Type4,Mode2,532,20,2,6.87593423
B_73,Cell0,Type3,Mode2,189,10,2,6.427503737
B_74,Cell0,Type3,Mode2,189,10,2,6.427503737
B_75,Cell0,Type3,Mode2,189,10,2,6.427503737
B_76,Cell0,Type7,Mode2,365,20,2,6.87593423
B_77,Cell0,Type1,Mode2,365,20,4,6.87593423
B_78,Cell0,Type4,Mode2,532,20,1,6.87593423
B_79,Cell0,Type1,Mode2,365,20,4,6.87593423
B_80,Cell0,Type2,Mode2,532,20,4,6.87593423
B_81,Cell0,Type2,Mode2,532,20,4,6.87593423
B_82,Cell0,Type6,Mode2,189,10,1,6.427503737
B_83,Cell0,Type3,Mode2,189,10,4,6.427503737
B_84,Cell0,Type3,Mode2,189,10,4,6.427503737
B_85,Cell0,Type5,Mode2,426.98,10,2,6.427503737
B_86,Cell0,Type7,Mode2,365,20,1,6.87593423
B_87,Cell0,Type7,Mode2,365,20,1,6.87593423
B_88,Cell0,Type7,Mode2,365,20,2,6.87593423
B_89,Cell0,Type1,Mode2,365,20,2,6.87593423
B_90,Cell0,Type4,Mode2,532,20,2,6.87593423
B_91,Cell0,Type1,Mode2,365,20,2,6.87593423
B_92,Cell0,Type4,Mode2,532,20,2,6.87593423
B_93,Cell0,Type4,Mode2,532,20,2,6.87593423
B_94,Cell0,Type6,Mode2,189,10,2,6.427503737
B_95,Cell0,Type6,Mode2,189,10,2,6.427503737
B_96,Cell0,Type6,Mode2,189,10,2,6.427503737
B_97,Cell0,Type1,Mode2,365,20,2,6.87593423
B_98,Cell0,Type4,Mode2,532,20,2,6.87593423
B_99,Cell0,Type7,Mode2,365,20,2,6.87593423
B_100,Cell0,Type4,Mode2,532,20,2,6.87593423
B_101,Cell0,Type4,Mode2,532,20,2,6.87593423
B_102,Cell0,Type6,Mode2,189,10,2,6.427503737
B_103,Cell0,Type6,Mode2,189,10,2,6.427503737
B_104,Cell0,Type6,Mode2,189,10,2,6.427503737
B_105,Cell0,Type1,Mode2,365,20,2,6.87593423
B_106,Cell0,Type1,Mode2,365,20,2,6.87593423
B_107,Cell0,Type4,Mode2,532,20,2,6.128550075
B_108,Cell0,Type1,Mode2,365,20,2,6.87593423
B_109,Cell0,Type4,Mode2,532,20,2,6.87593423
B_110,Cell0,Type4,Mode2,532,20,2,6.87593423
B_111,Cell0,Type1,Mode2,365,20,2,6.128550075
B_112,Cell0,Type1,Mode2,365,20,4,6.87593423
B_113,Cell0,Type1,Mode2,365,20,4,6.87593423
B_114,Cell0,Type2,Mode2,532,20,2,6.87593423
B_115,Cell0,Type2,Mode2,532,20,2,6.87593423
B_116,Cell0,Type5,Mode2,189,10,2,6.427503737
B_117,Cell0,Type5,Mode2,189,10,2,6.427503737
B_118,Cell0,Type1,Mode2,365,20,2,6.128550075
B_119,Cell0,Type4,Mode2,532,20,2,5.680119581
B_120,Cell0,Type1,Mode2,365,20,2,5.680119581
B_121,Cell0,Type4,Mode2,532,20,2,6.128550075
B_122,Cell0,Type4,Mode2,532,20,2,5.680119581
B_123,Cell0,Type6,Mode2,189,10,2,6.427503737
B_124,Cell0,Type6,Mode2,189,10,2,6.427503737
B_125,Cell0,Type6,Mode2,189,10,2,6.427503737
B_126,Cell0,Type1,Mode2,365,20,2,5.680119581
B_127,Cell0,Type1,Mode2,365,20,2,6.87593423
B_128,Cell0,Type1,Mode2,365,20,2,6.87593423
B_129,Cell0,Type4,Mode2,532,20,2,6.87593423
B_130,Cell0,Type4,Mode2,532,20,2,6.87593423
B_131,Cell0,Type6,Mode2,189,10,2,6.427503737
B_132,Cell0,Type6,Mode2,189,10,2,6.427503737
B_133,Cell0,Type1,Mode2,365,20,2,6.128550075
B_134,Cell0,Type4,Mode2,532,20,2,6.87593423
B_135,Cell0,Type1,Mode2,365,20,2,6.87593423
B_136,Cell0,Type4,Mode2,532,20,2,6.128550075
B_137,Cell0,Type4,Mode2,532,20,2,6.87593423
B_138,Cell0,Type6,Mode2,189,10,2,6.427503737
B_139,Cell0,Type6,Mode2,189,10,2,6.427503737
B_140,Cell0,Type6,Mode2,189,10,2,6.427503737
B_141,Cell0,Type1,Mode2,365,20,2,5.680119581
B_142,Cell0,Type1,Mode2,365,20,2,6.87593423
B_143,Cell0,Type4,Mode2,532,20,2,6.87593423
B_144,Cell0,Type1,Mode2,365,20,2,6.87593423
B_145,Cell0,Type4,Mode2,532,20,2,6.87593423
B_146,Cell0,Type4,Mode2,532,20,2,6.87593423
B_147,Cell0,Type6,Mode2,189,10,2,6.427503737
B_148,Cell0,Type6,Mode2,189,10,2,6.427503737
B_149,Cell0,Type6,Mode2,189,10,2,6.427503737
B_150,Cell0,Type1,Mode2,365,20,2,6.87593423
B_151,Cell0,Type1,Mode2,365,20,2,6.87593423
B_152,Cell0,Type1,Mode2,365,20,2,6.87593423
B_153,Cell0,Type4,Mode2,532,20,2,6.87593423
B_154,Cell0,Type6,Mode2,189,10,1,6.427503737
B_155,Cell0,Type4,Mode2,532,20,2,6.87593423
B_156,Cell0,Type6,Mode2,189,10,2,6.427503737
B_157,Cell0,Type6,Mode2,189,10,2,6.427503737
B_158,Cell0,Type7,Mode2,365,20,1,6.87593423
B_159,Cell0,Type4,Mode2,532,20,1,6.87593423
B_160,Cell0,Type1,Mode2,365,20,2,6.87593423
B_161,Cell0,Type4,Mode2,532,20,2,6.87593423
B_162,Cell0,Type1,Mode2,365,20,2,6.87593423
B_163,Cell0,Type4,Mode2,532,20,2,6.87593423
B_164,Cell0,Type4,Mode2,532,20,2,6.87593423
B_165,Cell0,Type6,Mode2,189,10,2,6.427503737
B_166,Cell0,Type6,Mode2,189,10,2,6.427503737
B_167,Cell0,Type6,Mode2,189,10,2,6.427503737
B_168,Cell0,Type1,Mode2,365,20,2,6.87593423
B_169,Cell0,Type3,Mode2,189,10,2,6.427503737
B_170,Cell0,Type1,Mode2,365,20,2,6.87593423
B_171,Cell0,Type4,Mode2,532,20,2,6.87593423
B_172,Cell0,Type1,Mode2,365,20,4,6.87593423
B_173,Cell0,Type4,Mode2,532,20,2,6.87593423
B_174,Cell0,Type1,Mode2,365,20,4,6.87593423
B_175,Cell0,Type4,Mode2,532,20,2,6.87593423
B_176,Cell0,Type4,Mode2,532,20,2,6.87593423
B_177,Cell0,Type6,Mode2,189,10,2,6.427503737
B_178,Cell0,Type6,Mode2,189,10,2,6.427503737
B_179,Cell0,Type6,Mode2,189,10,2,6.427503737
B_180,Cell0,Type1,Mode2,365,20,4,6.87593423
B_181,Cell0,Type1,Mode2,365,20,2,6.87593423
B_182,Cell0,Type1,Mode2,365,20,2,6.87593423
B_183,Cell0,Type4,Mode2,532,20,2,6.87593423
B_184,Cell0,Type4,Mode2,532,20,2,6.87593423
B_185,Cell0,Type6,Mode2,189,10,2,6.427503737
B_186,Cell0,Type6,Mode2,189,10,2,6.427503737
B_187,Cell0,Type3,Mode2,189,10,2,6.427503737
B_188,Cell0,Type1,Mode2,365,20,4,6.87593423
B_189,Cell0,Type2,Mode2,532,20,4,6.87593423
B_190,Cell0,Type1,Mode2,365,20,2,6.87593423
B_191,Cell0,Type1,Mode2,365,20,2,6.87593423
B_192,Cell0,Type4,Mode2,532,20,2,6.87593423
B_193,Cell0,Type4,Mode2,532,20,2,6.87593423
B_194,Cell0,Type6,Mode2,189,10,2,6.427503737
B_195,Cell0,Type6,Mode2,189,10,2,6.427503737
B_196,Cell0,Type7,Mode2,365,20,2,6.128550075
B_197,Cell0,Type4,Mode2,532,20,2,6.87593423
B_198,Cell0,Type7,Mode2,365,20,2,6.87593423
B_199,Cell0,Type4,Mode2,532,20,2,6.128550075
B_200,Cell0,Type4,Mode2,532,20,2,6.87593423
B_201,Cell0,Type6,Mode2,189,10,2,6.427503737
B_202,Cell0,Type6,Mode2,189,10,2,6.427503737
B_203,Cell0,Type6,Mode2,189,10,2,6.427503737
B_204,Cell0,Type7,Mode2,365,20,2,6.87593423
B_205,Cell0,Type7,Mode2,365,20,2,6.87593423
B_206,Cell0,Type3,Mode2,189,10,2,6.427503737
B_207,Cell0,Type4,Mode2,532,20,2,6.87593423
B_208,Cell0,Type6,Mode2,189,10,2,6.427503737
B_209,Cell0,Type1,Mode2,365,20,4,6.87593423
B_210,Cell0,Type2,Mode2,532,20,4,6.87593423
B_211,Cell0,Type7,Mode2,365,20,2,6.128550075
B_212,Cell0,Type7,Mode2,365,20,2,6.87593423
B_213,Cell0,Type4,Mode2,532,20,2,6.128550075
B_214,Cell0,Type4,Mode2,532,20,2,6.87593423
B_215,Cell0,Type6,Mode2,189,10,2,6.427503737
B_216,Cell0,Type6,Mode2,189,10,2,6.427503737
B_217,Cell0,Type7,Mode2,365,20,2,6.87593423
B_218,Cell0,Type7,Mode2,365,20,2,6.87593423
B_219,Cell0,Type4,Mode2,532,20,2,6.87593423
B_220,Cell0,Type4,Mode2,532,20,2,6.87593423
B_221,Cell0,Type6,Mode2,189,10,2,6.427503737
B_222,Cell0,Type6,Mode2,189,10,2,6.427503737
B_223,Cell0,Type1,Mode2,365,20,2,6.87593423
B_224,Cell0,Type1,Mode2,365,20,2,6.87593423
B_225,Cell0,Type4,Mode2,532,20,2,6.87593423
B_226,Cell0,Type4,Mode2,532,20,2,6.87593423
B_227,Cell0,Type6,Mode2,189,10,2,6.427503737
B_228,Cell0,Type6,Mode2,189,10,2,6.427503737
B_229,Cell0,Type1,Mode2,365,20,2,6.87593423
B_230,Cell0,Type4,Mode2,532,20,2,6.87593423
B_231,Cell0,Type1,Mode2,365,20,2,6.87593423
B_232,Cell0,Type4,Mode2,532,20,2,6.87593423
B_233,Cell0,Type4,Mode2,532,20,2,6.87593423
B_234,Cell0,Type1,Mode2,365,20,2,6.87593423
B_235,Cell0,Type1,Mode2,365,20,2,6.427503737
B_236,Cell0,Type1,Mode2,365,20,2,6.87593423
B_237,Cell0,Type4,Mode2,532,20,2,6.427503737
B_238,Cell0,Type4,Mode2,532,20,2,6.87593423
B_239,Cell0,Type6,Mode2,189,10,2,5.979073244
B_240,Cell0,Type6,Mode2,189,10,2,6.427503737
B_241,Cell0,Type1,Mode2,365,20,2,6.87593423
B_242,Cell0,Type4,Mode2,532,20,2,6.576980568
B_243,Cell0,Type1,Mode2,365,20,2,6.87593423
B_244,Cell0,Type4,Mode2,532,20,2,6.87593423
B_245,Cell0,Type4,Mode2,532,20,2,6.87593423
B_246,Cell0,Type6,Mode2,189,10,2,6.427503737
B_247,Cell0,Type6,Mode2,189,10,2,6.427503737
B_248,Cell0,Type6,Mode2,189,10,2,6.427503737
B_249,Cell0,Type1,Mode2,365,20,2,6.576980568
B_250,Cell0,Type1,Mode2,365,20,2,6.87593423
B_251,Cell0,Type4,Mode2,532,20,2,6.87593423
B_252,Cell0,Type1,Mode2,365,20,2,6.87593423
B_253,Cell0,Type4,Mode2,532,20,2,6.87593423
B_254,Cell0,Type4,Mode2,532,20,2,6.87593423
B_255,Cell0,Type6,Mode2,189,10,2,6.427503737
B_256,Cell0,Type6,Mode2,189,10,2,6.427503737
B_257,Cell0,Type6,Mode2,189,10,2,6.427503737
B_258,Cell0,Type1,Mode2,365,20,2,6.87593423
B_259,Cell0,Type7,Mode2,365,20,1,6.87593423
B_260,Cell0,Type1,Mode2,365,20,2,6.87593423
B_261,Cell0,Type4,Mode2,532,20,2,6.87593423
B_262,Cell0,Type1,Mode2,365,20,2,6.87593423
B_263,Cell0,Type4,Mode2,532,20,2,6.87593423
B_264,Cell0,Type6,Mode2,189,10,2,6.427503737
B_265,Cell0,Type4,Mode2,532,20,2,6.87593423
B_266,Cell0,Type6,Mode2,189,10,2,6.427503737
B_267,Cell0,Type6,Mode2,189,10,2,6.427503737
B_268,Cell0,Type6,Mode2,189,10,2,6.427503737
B_269,Cell0,Type1,Mode2,365,20,2,6.87593423
B_270,Cell0,Type1,Mode2,365,20,2,6.87593423
B_271,Cell0,Type4,Mode2,532,20,2,6.87593423
B_272,Cell0,Type7,Mode2,365,20,2,6.87593423
B_273,Cell0,Type4,Mode2,532,20,2,6.87593423
B_274,Cell0,Type7,Mode2,365,20,2,5.381165919
B_275,Cell0,Type4,Mode2,532,20,2,6.87593423
B_276,Cell0,Type4,Mode2,532,20,1,6.87593423
B_277,Cell0,Type6,Mode2,189,10,2,6.427503737
B_278,Cell0,Type6,Mode2,189,10,2,6.427503737
B_279,Cell0,Type7,Mode2,365,20,2,6.87593423
B_280,Cell0,Type7,Mode2,365,20,2,6.87593423
B_281,Cell0,Type4,Mode2,532,20,2,6.87593423
B_282,Cell0,Type7,Mode2,365,20,2,6.87593423
B_283,Cell0,Type4,Mode2,532,20,2,6.87593423
B_284,Cell0,Type6,Mode2,189,10,2,6.427503737
B_285,Cell0,Type4,Mode2,532,20,2,6.87593423
B_286,Cell0,Type6,Mode2,189,10,2,6.427503737
B_287,Cell0,Type6,Mode2,189,10,2,6.427503737
B_288,Cell0,Type6,Mode2,189,10,2,6.427503737
B_289,Cell0,Type7,Mode2,365,20,2,6.87593423
B_290,Cell0,Type7,Mode2,365,20,2,6.87593423
B_291,Cell0,Type4,Mode2,532,20,2,6.87593423
B_292,Cell0,Type4,Mode2,532,20,2,6.87593423
B_293,Cell0,Type6,Mode2,189,10,1,6.427503737
B_294,Cell0,Type7,Mode2,365,20,2,6.87593423
B_295,Cell0,Type5,Mode2,189,10,2,6.427503737
B_296,Cell0,Type5,Mode2,189,10,2,6.427503737
B_297,Cell0,Type1,Mode2,365,20,2,6.87593423
B_298,Cell0,Type1,Mode2,365,20,2,6.87593423
B_299,Cell0,Type2,Mode2,532,20,2,6.87593423
B_300,Cell0,Type2,Mode2,532,20,2,6.87593423
B_301,Cell0,Type1,Mode2,365,20,4,6.87593423
B_302,Cell0,Type4,Mode2,532,20,2,6.87593423
B_303,Cell0,Type1,Mode2,365,20,4,6.87593423
B_304,Cell0,Type2,Mode2,532,20,4,6.87593423
B_305,Cell0,Type6,Mode2,189,10,1,6.427503737
B_306,Cell0,Type2,Mode2,532,20,4,6.87593423
B_307,Cell0,Type6,Mode2,189,10,2,6.427503737
B_308,Cell0,Type3,Mode2,189,10,2,6.427503737
B_309,Cell0,Type3,Mode2,189,10,2,6.427503737
B_310,Cell0,Type7,Mode2,365,20,1,6.87593423
B_311,Cell0,Type7,Mode2,365,20,2,6.87593423
B_312,Cell0,Type4,Mode2,532,20,1,6.87593423
B_313,Cell0,Type4,Mode2,532,20,2,6.87593423
B_314,Cell0,Type7,Mode2,365,20,1,6.87593423
B_315,Cell0,Type5,Mode2,189,5,1,5.979073244
B_316,Cell0,Type7,Mode2,365,20,2,6.87593423
B_317,Cell0,Type4,Mode2,532,20,1,6.87593423
B_318,Cell0,Type4,Mode2,532,20,2,6.87593423
B_319,Cell0,Type6,Mode2,189,10,1,6.427503737
B_320,Cell0,Type6,Mode2,189,10,2,6.427503737
B_321,Cell0,Type7,Mode2,365,20,2,6.87593423
B_322,Cell0,Type1,Mode2,365,20,2,6.87593423
B_323,Cell0,Type4,Mode2,532,20,2,6.87593423
B_324,Cell0,Type1,Mode2,365,20,2,6.87593423
B_325,Cell0,Type4,Mode2,532,20,2,6.87593423
B_326,Cell0,Type4,Mode2,532,20,2,6.87593423
B_327,Cell0,Type6,Mode2,189,10,2,6.427503737
B_328,Cell0,Type6,Mode2,189,10,2,6.427503737
B_329,Cell0,Type6,Mode2,189,10,2,6.427503737
B_330,Cell0,Type1,Mode2,365,20,2,6.87593423
B_331,Cell0,Type7,Mode2,365,20,2,6.87593423
B_332,Cell0,Type7,Mode2,365,20,2,6.87593423
B_333,Cell0,Type4,Mode2,532,20,2,6.87593423
B_334,Cell0,Type7,Mode2,365,20,2,6.87593423
B_335,Cell0,Type4,Mode2,532,20,2,6.87593423
B_336,Cell0,Type4,Mode2,532,20,2,6.87593423
B_337,Cell0,Type6,Mode2,189,10,2,6.427503737
B_338,Cell0,Type6,Mode2,189,10,2,6.427503737
B_339,Cell0,Type6,Mode2,189,10,2,6.427503737
B_340,Cell0,Type7,Mode2,365,20,2,6.87593423
B_341,Cell0,Type7,Mode2,365,20,2,6.87593423
B_342,Cell0,Type4,Mode2,532,20,2,6.87593423
B_343,Cell0,Type4,Mode2,532,20,2,6.87593423
B_344,Cell0,Type6,Mode2,189,10,2,6.427503737
B_345,Cell0,Type6,Mode2,189,10,2,6.427503737
B_346,Cell0,Type1,Mode2,365,20,2,6.87593423
B_347,Cell0,Type4,Mode2,532,20,2,6.87593423
B_348,Cell0,Type1,Mode2,365,20,2,6.87593423
B_349,Cell0,Type4,Mode2,532,20,2,6.87593423
B_350,Cell0,Type4,Mode2,532,20,2,6.87593423
B_351,Cell0,Type6,Mode2,189,10,2,6.427503737
B_352,Cell0,Type6,Mode2,189,10,2,6.427503737
B_353,Cell0,Type6,Mode2,189,10,2,6.427503737
B_354,Cell0,Type1,Mode2,365,20,2,6.87593423
B_355,Cell0,Type1,Mode2,365,20,2,6.87593423
B_356,Cell0,Type4,Mode2,532,20,2,6.87593423
B_357,Cell0,Type1,Mode2,365,20,2,6.87593423
B_358,Cell0,Type4,Mode2,532,20,2,6.87593423
B_359,Cell0,Type4,Mode2,532,20,2,6.87593423
B_360,Cell0,Type6,Mode2,189,10,2,6.427503737
B_361,Cell0,Type6,Mode2,189,10,2,6.427503737
B_362,Cell0,Type1,Mode2,365,20,2,6.87593423
B_363,Cell0,Type7,Mode2,365,20,2,5.381165919
B_364,Cell0,Type4,Mode2,532,20,2,5.381165919
B_365,Cell0,Type6,Mode2,189,10,2,6.427503737
B_366,Cell0,Type1,Mode2,365,20,2,6.87593423
B_367,Cell0,Type2,Mode2,532,20,2,6.87593423
B_368,Cell0,Type5,Mode2,189,10,2,6.427503737
B_369,Cell0,Type4,Mode2,532,20,2,6.87593423
B_370,Cell0,Type7,Mode2,365,20,2,6.87593423
B_371,Cell0,Type4,Mode2,532,20,2,6.87593423
B_372,Cell0,Type5,Mode2,189,10,1,6.427503737
B_373,Cell0,Type6,Mode2,189,10,2,6.427503737
B_374,Cell0,Type7,Mode2,365,20,2,6.87593423
B_375,Cell0,Type7,Mode2,364,10,1,6.427503737
B_376,Cell0,Type6,Mode2,189,5,1,5.949177877
B_377,Cell0,Type6,Mode2,189,5,1,5.949177877
B_378,Cell0,Type7,Mode2,365,20,2,6.87593423
B_379,Cell0,Type4,Mode2,532,20,2,6.87593423
B_380,Cell0,Type6,Mode2,189,10,2,6.427503737
B_381,Cell0,Type7,Mode2,365,20,1,6.87593423
B_382,Cell0,Type1,Mode2,365,20,2,6.87593423
B_383,Cell0,Type4,Mode2,532,20,2,6.87593423
B_384,Cell0,Type6,Mode2,189,10,2,6.427503737
B_385,Cell0,Type7,Mode2,365,20,1,6.87593423
B_386,Cell0,Type1,Mode2,365,20,4,6.87593423
B_387,Cell0,Type2,Mode2,532,20,4,6.87593423
B_388,Cell0,Type1,Mode2,365,20,4,6.128550075
B_389,Cell0,Type2,Mode2,532,20,4,6.87593423
B_390,Cell0,Type2,Mode2,532,20,4,6.128550075
B_391,Cell0,Type3,Mode2,189,10,2,6.427503737
B_392,Cell0,Type1,Mode2,365,20,4,6.87593423
B_393,Cell0,Type7,Mode2,365,20,2,6.87593423
B_394,Cell0,Type7,Mode2,365,20,2,6.87593423
B_395,Cell0,Type4,Mode2,532,20,2,6.87593423
B_396,Cell0,Type4,Mode2,532,20,2,6.87593423
B_397,Cell0,Type7,Mode2,365,20,1,6.87593423
B_398,Cell0,Type7,Mode2,365,20,1,6.87593423
B_399,Cell0,Type6,Mode2,189,10,2,6.427503737
B_400,Cell0,Type4,Mode2,532,20,1,6.87593423
B_401,Cell0,Type6,Mode2,189,10,2,6.427503737
B_402,Cell0,Type6,Mode2,189,10,1,6.427503737
B_403,Cell0,Type6,Mode2,189,10,1,6.427503737
B_404,Cell0,Type7,Mode2,365,20,2,6.87593423
B_405,Cell0,Type7,Mode2,365,20,2,6.87593423
B_406,Cell0,Type4,Mode2,532,20,2,6.87593423
B_407,Cell0,Type7,Mode2,365,20,2,6.87593423
B_408,Cell0,Type4,Mode2,532,20,2,6.87593423
B_409,Cell0,Type7,Mode2,365,20,2,6.87593423
B_410,Cell0,Type4,Mode2,532,20,2,6.87593423
B_411,Cell0,Type6,Mode2,189,10,2,6.427503737
B_412,Cell0,Type4,Mode2,532,20,2,6.87593423
B_413,Cell0,Type6,Mode2,189,10,2,6.427503737
B_414,Cell0,Type6,Mode2,189,10,2,6.427503737
B_415,Cell0,Type6,Mode2,189,10,2,6.427503737
B_416,Cell0,Type7,Mode2,365,20,2,6.87593423
B_417,Cell0,Type7,Mode2,365,20,2,6.87593423
B_418,Cell0,Type7,Mode2,365,20,2,6.87593423
B_419,Cell0,Type7,Mode2,365,20,1,6.87593423
B_420,Cell0,Type4,Mode2,532,20,1,6.87593423
B_421,Cell0,Type4,Mode2,532,20,1,6.87593423
B_422,Cell0,Type6,Mode2,189,5,1,5.979073244
B_423,Cell0,Type6,Mode2,189,10,1,6.427503737
B_424,Cell0,Type6,Mode2,189,10,1,6.427503737
B_425,Cell0,Type7,Mode2,365,20,2,6.87593423
B_426,Cell0,Type7,Mode2,365,20,1,6.87593423
B_427,Cell0,Type4,Mode2,532,20,2,6.87593423
B_428,Cell0,Type1,Mode2,365,20,4,6.87593423
B_429,Cell0,Type4,Mode2,532,20,2,6.87593423
B_430,Cell0,Type1,Mode2,365,20,4,6.87593423
B_431,Cell0,Type4,Mode2,532,20,2,6.87593423
B_432,Cell0,Type4,Mode2,532,20,2,6.87593423
B_433,Cell0,Type3,Mode2,189,10,2,6.427503737
B_434,Cell0,Type3,Mode2,189,10,2,6.427503737
B_435,Cell0,Type3,Mode2,155.6,10,2,6.427503737
B_436,Cell0,Type1,Mode2,365,20,4,6.87593423
B_437,Cell0,Type1,Mode2,365,20,2,6.87593423
B_438,Cell0,Type4,Mode2,532,20,2,6.87593423
B_439,Cell0,Type1,Mode2,365,20,2,6.87593423
B_440,Cell0,Type4,Mode2,532,20,2,6.87593423
B_441,Cell0,Type4,Mode2,532,20,2,6.87593423
B_442,Cell0,Type6,Mode2,189,10,2,6.427503737
B_443,Cell0,Type6,Mode2,189,10,2,6.427503737
B_444,Cell0,Type6,Mode2,189,10,2,6.427503737
B_445,Cell0,Type1,Mode2,365,20,2,6.87593423
B_446,Cell0,Type7,Mode2,365,20,1,6.87593423
B_447,Cell0,Type7,Mode2,365,20,1,6.87593423
B_448,Cell0,Type6,Mode2,189,5,1,5.979073244
B_449,Cell0,Type6,Mode2,189,5,1,5.979073244
B_450,Cell0,Type6,Mode2,189,5,1,5.979073244
B_451,Cell0,Type7,Mode2,365,20,2,6.87593423
B_452,Cell0,Type6,Mode2,189,5,1,5.979073244
B_453,Cell0,Type7,Mode2,365,20,1,6.87593423
B_454,Cell0,Type7,Mode2,365,20,2,6.87593423
B_455,Cell0,Type7,Mode2,365,20,2,6.87593423
B_456,Cell0,Type7,Mode2,365,20,2,6.87593423
B_457,Cell0,Type7,Mode2,365,20,2,6.87593423
B_458,Cell0,Type4,Mode2,532,20,2,6.87593423
B_459,Cell0,Type7,Mode2,365,20,2,6.87593423
B_460,Cell0,Type4,Mode2,532,20,2,6.87593423
B_461,Cell0,Type4,Mode2,532,20,2,6.87593423
B_462,Cell0,Type6,Mode2,189,10,2,6.427503737
B_463,Cell0,Type6,Mode2,189,10,2,6.427503737
B_464,Cell0,Type6,Mode2,189,10,2,6.427503737
B_465,Cell0,Type7,Mode2,365,20,2,6.87593423
B_466,Cell0,Type1,Mode2,365,20,2,6.87593423
B_467,Cell0,Type4,Mode2,532,20,2,6.87593423
B_468,Cell0,Type1,Mode2,365,20,2,6.87593423
B_469,Cell0,Type4,Mode2,532,20,2,6.87593423
B_470,Cell0,Type4,Mode2,532,20,2,6.87593423
B_471,Cell0,Type6,Mode2,189,10,2,6.427503737
B_472,Cell0,Type6,Mode2,189,10,2,6.427503737
B_473,Cell0,Type6,Mode2,189,10,2,6.427503737
B_474,Cell0,Type1,Mode2,365,20,2,6.87593423
B_475,Cell0,Type1,Mode2,365,20,2,6.87593423
B_476,Cell0,Type1,Mode2,365,20,2,6.87593423
B_477,Cell0,Type1,Mode2,365,20,2,6.87593423
B_478,Cell0,Type1,Mode2,365,20,2,6.726457399
B_479,Cell0,Type7,Mode2,365,20,2,6.87593423
B_480,Cell0,Type4,Mode2,532,20,2,6.87593423
B_481,Cell0,Type7,Mode2,365,20,2,6.87593423
B_482,Cell0,Type4,Mode2,532,20,2,6.87593423
B_483,Cell0,Type4,Mode2,532,20,2,6.87593423
B_484,Cell0,Type7,Mode2,365,20,2,6.87593423
B_485,Cell0,Type1,Mode2,365,20,2,6.87593423
B_486,Cell0,Type6,Mode2,365,20,2,6.87593423
B_487,Cell0,Type4,Mode2,532,20,2,6.87593423
B_488,Cell0,Type6,Mode2,189,10,1,6.427503737
B_489,Cell0,Type6,Mode2,189,10,1,6.427503737
B_490,Cell0,Type7,Mode2,365,20,1,6.87593423
B_491,Cell0,Type4,Mode2,532,20,1,6.87593423
B_492,Cell0,Type6,Mode2,365,20,2,6.87593423
B_493,Cell0,Type7,Mode2,365,20,1,6.87593423
B_494,Cell0,Type4,Mode2,532,20,1,6.87593423
B_495,Cell0,Type6,Mode2,189,10,1,6.427503737
B_496,Cell0,Type6,Mode2,365,20,2,6.397608371
B_497,Cell0,Type7,Mode2,365,20,2,6.87593423
B_498,Cell0,Type7,Mode2,365,20,2,6.87593423
B_499,Cell0,Type7,Mode2,365,20,1,6.87593423
B_500,Cell0,Type1,Mode2,365,20,4,6.87593423
B_501,Cell0,Type4,Mode2,532,20,2,6.87593423
B_502,Cell0,Type1,Mode2,365,20,4,6.87593423
B_503,Cell0,Type4,Mode2,532,20,2,6.87593423
B_504,Cell0,Type4,Mode2,532,20,2,6.87593423
B_505,Cell0,Type3,Mode2,155.6,10,2,6.427503737
B_506,Cell0,Type3,Mode2,155.6,10,2,6.427503737
B_507,Cell0,Type1,Mode2,365,20,4,6.87593423
B_508,Cell0,Type1,Mode2,365,20,2,6.87593423
B_509,Cell0,Type4,Mode2,532,20,2,6.87593423
B_510,Cell0,Type1,Mode2,365,20,2,6.87593423
B_511,Cell0,Type4,Mode2,532,20,2,6.87593423
B_512,Cell0,Type4,Mode2,532,20,2,6.87593423
B_513,Cell0,Type6,Mode2,189,10,2,6.427503737
B_514,Cell0,Type6,Mode2,189,10,2,6.427503737
B_515,Cell0,Type6,Mode2,189,10,2,6.427503737
B_516,Cell0,Type1,Mode2,365,20,2,6.576980568
B_517,Cell0,Type1,Mode2,365,20,2,6.87593423
B_518,Cell0,Type4,Mode2,532,20,2,6.87593423
B_519,Cell0,Type1,Mode2,365,20,2,6.87593423
B_520,Cell0,Type4,Mode2,532,20,2,6.87593423
B_521,Cell0,Type4,Mode2,532,20,2,6.87593423
B_522,Cell0,Type3,Mode2,189,10,2,6.427503737
B_523,Cell0,Type3,Mode2,189,10,2,6.427503737
B_524,Cell0,Type3,Mode2,189,10,2,6.427503737
B_525,Cell0,Type1,Mode2,365,20,2,6.87593423
B_526,Cell0,Type1,Mode2,365,20,2,6.87593423
B_527,Cell0,Type2,Mode2,532,20,1,6.87593423
B_528,Cell0,Type2,Mode2,532,20,2,6.87593423
B_529,Cell0,Type5,Mode2,189,10,1,6.427503737
B_530,Cell0,Type5,Mode2,189,10,2,6.427503737
B_531,Cell0,Type7,Mode2,365,20,1,6.87593423
B_532,Cell0,Type1,Mode2,365,20,4,6.87593423
B_533,Cell0,Type2,Mode2,532,20,4,6.87593423
B_534,Cell0,Type1,Mode2,365,20,4,6.87593423
B_535,Cell0,Type2,Mode2,532,20,4,6.87593423
B_536,Cell0,Type2,Mode2,532,20,4,6.87593423
B_537,Cell0,Type3,Mode2,189,10,2,6.427503737
B_538,Cell0,Type3,Mode2,189,10,2,6.427503737
B_539,Cell0,Type1,Mode2,365,20,4,6.87593423
B_540,Cell0,Type1,Mode2,365,20,2,6.87593423
B_541,Cell0,Type1,Mode2,365,20,2,6.87593423
B_542,Cell0,Type2,Mode2,532,20,2,6.87593423
B_543,Cell0,Type2,Mode2,532,20,2,6.87593423
B_544,Cell0,Type3,Mode2,189,10,2,6.412556054
B_545,Cell0,Type3,Mode2,189,10,2,6.412556054
B_546,Cell0,Type7,Mode2,365,20,2,6.87593423
B_547,Cell0,Type4,Mode2,532,20,2,6.87593423
B_548,Cell0,Type7,Mode2,365,20,2,6.87593423
B_549,Cell0,Type4,Mode2,532,20,2,6.87593423
B_550,Cell0,Type4,Mode2,532,20,2,6.87593423
B_551,Cell0,Type3,Mode2,189,10,2,6.427503737
B_552,Cell0,Type3,Mode2,189,10,2,6.427503737
B_553,Cell0,Type3,Mode2,189,10,2,6.427503737
B_554,Cell0,Type7,Mode2,365,20,2,6.87593423
B_555,Cell0,Type1,Mode2,365,20,4,6.87593423
B_556,Cell0,Type2,Mode2,532,20,2,6.87593423
B_557,Cell0,Type1,Mode2,365,20,4,6.87593423
B_558,Cell0,Type2,Mode2,532,20,2,6.87593423
B_559,Cell0,Type2,Mode2,532,20,2,6.87593423
B_560,Cell0,Type6,Mode2,189,10,2,6.427503737
B_561,Cell0,Type6,Mode2,189,10,2,6.427503737
B_562,Cell0,Type6,Mode2,189,10,2,6.427503737
B_563,Cell0,Type1,Mode2,365,20,4,6.87593423
B_564,Cell0,Type7,Mode2,365,20,2,6.87593423
B_565,Cell0,Type7,Mode2,365,20,2,6.87593423
B_566,Cell0,Type4,Mode2,532,20,2,6.87593423
B_567,Cell0,Type4,Mode2,532,20,2,5.680119581
B_568,Cell0,Type6,Mode2,189,10,1,6.427503737
B_569,Cell0,Type6,Mode2,189,10,2,6.427503737
B_570,Cell0,Type6,Mode2,189,10,2,6.427503737
B_571,Cell0,Type7,Mode2,365,20,1,6.87593423
B_572,Cell0,Type1,Mode2,365,20,2,6.87593423
B_573,Cell0,Type1,Mode2,365,20,2,6.87593423
B_574,Cell0,Type4,Mode2,532,20,2,6.87593423
B_575,Cell0,Type4,Mode2,532,20,2,6.87593423
B_576,Cell0,Type6,Mode2,189,10,2,6.427503737
B_577,Cell0,Type6,Mode2,189,10,2,6.427503737
B_578,Cell0,Type5,Mode2,365,20,2,6.87593423
B_579,Cell0,Type4,Mode2,532,20,2,6.87593423
B_580,Cell0,Type5,Mode2,365,20,2,6.87593423
B_581,Cell0,Type4,Mode2,532,20,2,6.87593423
B_582,Cell0,Type4,Mode2,532,20,2,6.87593423
B_583,Cell0,Type3,Mode2,155.6,10,2,6.427503737
B_584,Cell0,Type3,Mode2,155.6,10,2,6.427503737
B_585,Cell0,Type3,Mode2,155.6,10,2,6.427503737
B_586,Cell0,Type5,Mode2,365,20,2,6.87593423
B_587,Cell0,Type7,Mode2,365,20,2,6.87593423
B_588,Cell0,Type4,Mode2,532,20,2,6.87593423
B_589,Cell0,Type7,Mode2,365,20,2,6.87593423
B_590,Cell0,Type4,Mode2,532,20,2,6.87593423
B_591,Cell0,Type4,Mode2,532,20,2,6.87593423
B_592,Cell0,Type6,Mode2,189,10,2,6.427503737
B_593,Cell0,Type6,Mode2,189,10,2,6.427503737
B_594,Cell0,Type7,Mode2,365,20,2,6.87593423
B_595,Cell0,Type1,Mode2,365,20,2,6.87593423
B_596,Cell0,Type4,Mode2,532,20,2,6.87593423
B_597,Cell0,Type1,Mode2,365,20,2,6.87593423
B_598,Cell0,Type4,Mode2,532,20,2,6.87593423
B_599,Cell0,Type4,Mode2,532,20,2,6.87593423
B_600,Cell0,Type6,Mode2,189,10,2,6.427503737
B_601,Cell0,Type6,Mode2,189,10,2,6.427503737
B_602,Cell0,Type6,Mode2,189,10,2,6.427503737
B_603,Cell0,Type1,Mode2,365,20,2,6.87593423
B_604,Cell0,Type5,Mode2,189,10,2,6.427503737
B_605,Cell0,Type1,Mode2,365,20,2,6.87593423
B_606,Cell0,Type2,Mode2,532,20,2,6.87593423
B_607,Cell0,Type1,Mode2,365,20,2,6.87593423
B_608,Cell0,Type4,Mode2,532,20,2,6.87593423
B_609,Cell0,Type5,Mode2,189,10,2,6.427503737
B_610,Cell0,Type7,Mode2,365,20,2,6.87593423
B_611,Cell0,Type7,Mode2,365,20,2,6.87593423
B_612,Cell0,Type4,Mode2,532,20,2,6.87593423
B_613,Cell0,Type4,Mode2,532,20,2,6.87593423
B_614,Cell0,Type6,Mode2,189,10,2,6.427503737
B_615,Cell0,Type6,Mode2,189,10,2,6.427503737
B_616,Cell0,Type7,Mode2,365,20,2,6.87593423
B_617,Cell0,Type7,Mode2,365,20,2,6.87593423
B_618,Cell0,Type4,Mode2,532,20,2,6.87593423
B_619,Cell0,Type4,Mode2,532,20,2,6.87593423
B_620,Cell0,Type7,Mode2,365,20,1,6.87593423
B_621,Cell0,Type6,Mode2,189,10,2,6.427503737
B_622,Cell0,Type4,Mode2,532,20,1,6.87593423
B_623,Cell0,Type6,Mode2,189,10,2,6.427503737
B_624,Cell0,Type6,Mode2,189,10,1,6.427503737
B_625,Cell0,Type7,Mode2,365,20,1,6.68161435
B_626,Cell0,Type1,Mode2,365,20,2,6.87593423
B_627,Cell0,Type4,Mode2,532,20,2,6.87593423
B_628,Cell0,Type1,Mode2,365,20,2,6.87593423
B_629,Cell0,Type4,Mode2,532,20,2,6.87593423
B_630,Cell0,Type4,Mode2,532,20,2,6.87593423
B_631,Cell0,Type6,Mode2,189,10,2,6.427503737
B_632,Cell0,Type6,Mode2,189,10,2,6.427503737
B_633,Cell0,Type6,Mode2,189,10,2,6.427503737
B_634,Cell0,Type1,Mode2,365,20,2,6.87593423
B_635,Cell0,Type1,Mode2,365,20,2,6.87593423
B_636,Cell0,Type4,Mode2,532,20,2,6.87593423
B_637,Cell0,Type1,Mode2,365,20,2,6.87593423
B_638,Cell0,Type4,Mode2,532,20,2,6.87593423
B_639,Cell0,Type4,Mode2,532,20,2,6.87593423
B_640,Cell0,Type6,Mode2,189,10,2,6.427503737
B_641,Cell0,Type6,Mode2,189,10,2,6.427503737
B_642,Cell0,Type6,Mode2,189,10,2,6.427503737
B_643,Cell0,Type1,Mode2,365,20,2,6.87593423
B_644,Cell0,Type7,Mode2,365,20,2,6.427503737
B_645,Cell0,Type6,Mode2,189,10,1,6.427503737
B_646,Cell0,Type7,Mode2,365,20,1,6.87593423
B_647,Cell0,Type7,Mode2,365,20,1,6.87593423
B_648,Cell0,Type7,Mode2,365,20,2,6.980568012
B_649,Cell0,Type7,Mode2,365,20,2,6.87593423
B_650,Cell0,Type4,Mode2,532,20,2,6.87593423
B_651,Cell0,Type5,Mode2,189,5,1,5.979073244
B_652,Cell0,Type4,Mode2,532,20,2,6.87593423
B_653,Cell0,Type6,Mode2,189,5,1,5.979073244
B_654,Cell0,Type6,Mode2,189,10,2,6.532137519
B_655,Cell0,Type6,Mode2,189,10,2,6.532137519
B_656,Cell0,Type1,Mode2,365,20,2,6.87593423
B_657,Cell0,Type4,Mode2,532,20,2,6.87593423
B_658,Cell0,Type1,Mode2,365,20,2,6.87593423
B_659,Cell0,Type4,Mode2,532,20,2,6.87593423
B_660,Cell0,Type4,Mode2,532,20,2,6.87593423
B_661,Cell0,Type6,Mode2,189,10,2,6.427503737
B_662,Cell0,Type6,Mode2,189,10,2,6.427503737
B_663,Cell0,Type6,Mode2,189,10,2,6.427503737
B_664,Cell0,Type1,Mode2,365,20,2,6.87593423
B_665,Cell0,Type1,Mode2,365,20,2,6.87593423
B_666,Cell0,Type4,Mode2,532,20,2,6.87593423
B_667,Cell0,Type1,Mode2,365,20,2,6.87593423
B_668,Cell0,Type4,Mode2,532,20,2,6.87593423
B_669,Cell0,Type4,Mode2,532,20,2,6.87593423
B_670,Cell0,Type6,Mode2,189,10,2,6.427503737
B_671,Cell0,Type6,Mode2,189,10,2,6.427503737
B_672,Cell0,Type6,Mode2,189,10,2,6.427503737
B_673,Cell0,Type1,Mode2,365,20,2,6.87593423
B_674,Cell0,Type7,Mode2,365,20,2,6.87593423
B_675,Cell0,Type4,Mode2,532,20,2,6.87593423
B_676,Cell0,Type6,Mode2,189,10,2,6.427503737
B_677,Cell0,Type7,Mode2,365,20,1,6.87593423
B_678,Cell0,Type7,Mode2,365,20,1,6.87593423
B_679,Cell0,Type6,Mode2,189,10,1,6.427503737
B_680,Cell0,Type1,Mode2,365,20,2,6.87593423
B_681,Cell0,Type4,Mode2,532,20,2,6.87593423
B_682,Cell0,Type1,Mode2,365,20,2,6.87593423
B_683,Cell0,Type4,Mode2,532,20,2,6.87593423
B_684,Cell0,Type4,Mode2,532,20,2,6.87593423
B_685,Cell0,Type6,Mode2,189,10,2,6.427503737
B_686,Cell0,Type6,Mode2,189,10,2,6.427503737
B_687,Cell0,Type6,Mode2,189,10,2,6.427503737
B_688,Cell0,Type1,Mode2,365,20,2,6.87593423
B_689,Cell0,Type7,Mode2,365,20,2,6.726457399
B_690,Cell0,Type7,Mode2,365,20,2,6.87593423
B_691,Cell0,Type7,Mode2,365,20,2,6.87593423
B_692,Cell0,Type1,Mode2,365,20,2,6.87593423
B_693,Cell0,Type4,Mode2,532,20,2,6.87593423
B_694,Cell0,Type1,Mode2,365,20,2,6.87593423
B_695,Cell0,Type4,Mode2,532,20,2,6.87593423
B_696,Cell0,Type4,Mode2,532,20,2,6.87593423
B_697,Cell0,Type6,Mode2,189,10,2,6.427503737
B_698,Cell0,Type6,Mode2,189,10,2,6.427503737
B_699,Cell0,Type6,Mode2,189,10,2,6.427503737
B_700,Cell0,Type1,Mode2,365,20,2,6.87593423
B_701,Cell0,Type1,Mode2,365,20,2,6.87593423
B_702,Cell0,Type4,Mode2,532,20,2,6.87593423
B_703,Cell0,Type1,Mode2,365,20,2,5.381165919
B_704,Cell0,Type4,Mode2,532,20,2,6.87593423
B_705,Cell0,Type4,Mode2,532,20,2,5.381165919
B_706,Cell0,Type6,Mode2,189,10,2,6.427503737
B_707,Cell0,Type6,Mode2,189,10,2,6.427503737
B_708,Cell0,Type6,Mode2,189,10,2,6.427503737
B_709,Cell0,Type1,Mode2,365,20,2,6.87593423
B_710,Cell0,Type1,Mode2,365,20,2,6.87593423
B_711,Cell0,Type4,Mode2,532,20,2,6.87593423
B_712,Cell0,Type1,Mode2,365,20,2,6.87593423
B_713,Cell0,Type4,Mode2,532,20,2,6.87593423
B_714,Cell0,Type4,Mode2,532,20,2,6.87593423
B_715,Cell0,Type6,Mode2,189,10,2,6.427503737
B_716,Cell0,Type6,Mode2,189,10,2,6.427503737
B_717,Cell0,Type6,Mode2,189,10,2,6.427503737
B_718,Cell0,Type1,Mode2,365,20,2,6.87593423
B_719,Cell0,Type1,Mode2,365,20,2,6.87593423
B_720,Cell0,Type4,Mode2,532,20,2,6.87593423
B_721,Cell0,Type1,Mode2,365,20,2,6.87593423
B_722,Cell0,Type4,Mode2,532,20,2,6.87593423
B_723,Cell0,Type4,Mode2,532,20,2,6.87593423
B_724,Cell0,Type6,Mode2,189,10,2,6.427503737
B_725,Cell0,Type6,Mode2,189,10,2,6.427503737
B_726,Cell0,Type6,Mode2,189,10,2,6.427503737
B_727,Cell0,Type1,Mode2,365,20,2,6.87593423
B_728,Cell0,Type1,Mode2,365,20,2,6.87593423
B_729,Cell0,Type1,Mode2,365,20,2,6.87593423
B_730,Cell0,Type4,Mode2,532,20,2,6.87593423
B_731,Cell0,Type4,Mode2,532,20,2,6.87593423
B_732,Cell0,Type6,Mode2,189,10,2,6.427503737
B_733,Cell0,Type6,Mode2,189,10,2,6.427503737
B_734,Cell0,Type1,Mode2,365,20,2,6.87593423
B_735,Cell0,Type1,Mode2,365,20,2,6.87593423
B_736,Cell0,Type4,Mode2,532,20,2,6.87593423
B_737,Cell0,Type4,Mode2,532,20,2,6.87593423
B_738,Cell0,Type6,Mode2,189,10,2,6.427503737
B_739,Cell0,Type6,Mode2,189,10,2,6.427503737
B_740,Cell0,Type2,Mode2,532,20,2,6.87593423
B_741,Cell0,Type3,Mode2,189,10,2,6.427503737
B_742,Cell0,Type1,Mode2,365,20,4,6.87593423
B_743,Cell0,Type2,Mode2,532,20,4,6.87593423
B_744,Cell0,Type3,Mode2,189,10,1,6.427503737
B_745,Cell0,Type1,Mode2,365,20,2,6.87593423
B_746,Cell0,Type7,Mode2,365,20,2,6.87593423
B_747,Cell0,Type4,Mode2,532,20,1,6.87593423
B_748,Cell0,Type7,Mode2,365,20,2,6.87593423
B_749,Cell0,Type4,Mode2,532,20,2,6.87593423
B_750,Cell0,Type7,Mode2,365,20,2,6.87593423
B_751,Cell0,Type4,Mode2,532,20,2,6.87593423
B_752,Cell0,Type6,Mode2,189,10,1,6.427503737
B_753,Cell0,Type4,Mode2,532,20,2,6.87593423
B_754,Cell0,Type6,Mode2,189,10,2,6.427503737
B_755,Cell0,Type6,Mode2,189,10,2,6.427503737
B_756,Cell0,Type6,Mode2,189,10,2,6.427503737
B_757,Cell0,Type7,Mode2,365,20,1,6.87593423
B_758,Cell0,Type1,Mode2,365,20,2,6.87593423
B_759,Cell0,Type4,Mode2,532,20,2,6.87593423
B_760,Cell0,Type1,Mode2,365,20,2,6.87593423
B_761,Cell0,Type4,Mode2,532,20,2,6.87593423
B_762,Cell0,Type4,Mode2,532,20,2,6.87593423
B_763,Cell0,Type6,Mode2,189,10,2,6.427503737
B_764,Cell0,Type6,Mode2,189,10,2,6.427503737
B_765,Cell0,Type6,Mode2,189,10,2,6.427503737
B_766,Cell0,Type1,Mode2,365,20,2,6.87593423
B_767,Cell0,Type7,Mode2,365,20,2,6.576980568
B_768,Cell0,Type4,Mode2,532,20,2,6.726457399
B_769,Cell0,Type7,Mode2,365,20,2,6.87593423
B_770,Cell0,Type4,Mode2,532,20,2,6.576980568
B_771,Cell0,Type4,Mode2,532,20,2,6.87593423
B_772,Cell0,Type7,Mode2,365,20,2,6.726457399
B_773,Cell0,Type1,Mode2,365,20,2,6.87593423
B_774,Cell0,Type4,Mode2,532,20,2,6.87593423
B_775,Cell0,Type1,Mode2,365,20,2,6.87593423
B_776,Cell0,Type4,Mode2,532,20,2,6.87593423
B_777,Cell0,Type4,Mode2,532,20,2,6.87593423
B_778,Cell0,Type6,Mode2,189,10,2,6.427503737
B_779,Cell0,Type6,Mode2,189,10,2,6.427503737
B_780,Cell0,Type6,Mode2,189,10,2,6.427503737
B_781,Cell0,Type1,Mode2,365,20,2,6.87593423
B_782,Cell0,Type7,Mode2,365,20,2,6.87593423
B_783,Cell0,Type7,Mode2,365,20,2,6.87593423
B_784,Cell0,Type4,Mode2,532,20,2,6.87593423
B_785,Cell0,Type4,Mode2,532,20,2,6.87593423
B_786,Cell0,Type6,Mode2,189,10,2,6.427503737
B_787,Cell0,Type6,Mode2,189,10,2,6.427503737
B_788,Cell0,Type4,Mode2,532,20,2,6.87593423
B_789,Cell0,Type1,Mode2,365,20,2,6.87593423
B_790,Cell0,Type6,Mode2,189,10,2,6.427503737
B_791,Cell0,Type4,Mode2,532,20,2,6.87593423
B_792,Cell0,Type6,Mode2,189,10,2,6.427503737
B_793,Cell0,Type6,Mode2,189,10,2,6.427503737
B_794,Cell0,Type1,Mode2,365,20,2,6.128550075
B_795,Cell0,Type1,Mode2,365,20,2,6.87593423
B_796,Cell0,Type4,Mode2,532,20,2,6.128550075
B_797,Cell0,Type2,Mode2,532,20,2,6.87593423
B_798,Cell0,Type2,Mode2,532,20,2,6.87593423
B_799,Cell0,Type2,Mode2,532,20,2,6.87593423
B_800,Cell0,Type5,Mode2,189,10,2,6.427503737
B_801,Cell0,Type5,Mode2,189,10,2,6.427503737
B_802,Cell0,Type5,Mode2,189,10,2,6.427503737
B_803,Cell0,Type1,Mode2,426.98,10,2,6.427503737
B_804,Cell0,Type1,Mode2,426.98,10,2,6.427503737
B_805,Cell0,Type1,Mode2,426.98,10,2,6.427503737
B_806,Cell0,Type1,Mode2,365,20,2,6.87593423
B_807,Cell0,Type4,Mode2,532,20,2,6.87593423
B_808,Cell0,Type6,Mode2,189,10,2,6.427503737
B_809,Cell0,Type6,Mode2,189,10,2,6.427503737
B_810,Cell0,Type7,Mode2,365,20,2,6.87593423
B_811,Cell0,Type4,Mode2,532,20,2,6.87593423
B_812,Cell0,Type1,Mode2,365,20,2,6.87593423
B_813,Cell0,Type4,Mode2,532,20,2,6.87593423
B_814,Cell0,Type1,Mode2,365,20,2,6.87593423
B_815,Cell0,Type4,Mode2,532,20,2,6.87593423
B_816,Cell0,Type4,Mode2,532,20,2,6.87593423
B_817,Cell0,Type6,Mode2,189,10,2,6.427503737
B_818,Cell0,Type6,Mode2,189,10,2,6.427503737
B_819,Cell0,Type6,Mode2,189,10,2,6.427503737
B_820,Cell0,Type1,Mode2,365,20,2,6.87593423
B_821,Cell0,Type8,Mode1,697.002,10,8,8.375336323
B_822,Cell0,Type8,Mode1,697.002,10,8,8.375336323
B_823,Cell0,Type8,Mode1,697.002,10,8,8.375336323
B_824,Cell0,Type5,Mode2,426.98,2,1,6.87593423
B_825,Cell0,Type5,Mode2,426.98,2,1,6.87593423
B_826,Cell0,Type5,Mode2,426.98,2,2,7.325859492
B_827,Cell0,Type1,Mode2,426.98,2,2,7.325859492
B_828,Cell0,Type1,Mode2,426.98,2,2,7.325859492
B_829,Cell0,Type5,Mode2,426.98,2,1,6.87593423
B_830,Cell0,Type9,Mode2,426.98,2,2,7.325859492
B_831,Cell0,Type9,Mode2,426.98,2,2,7.325859492
B_832,Cell0,Type9,Mode2,426.98,2,2,7.325859492
B_833,Cell0,Type10,Mode1,697.002,10,32,8.046487294
B_834,Cell0,Type10,Mode1,697.002,10,32,8.046487294
B_835,Cell0,Type11,Mode1,697.002,10,8,8.046487294
B_836,Cell0,Type10,Mode1,697.002,10,32,8.046487294
B_837,Cell0,Type11,Mode1,715.998,8,8,7.598056801
B_838,Cell0,Type11,Mode1,715.998,8,8,7.598056801
B_839,Cell0,Type5,Mode2,426.98,2,1,6.87593423
B_840,Cell0,Type1,Mode2,426.98,2,2,7.325859492
B_841,Cell0,Type1,Mode2,426.98,2,2,7.325859492
B_842,Cell0,Type1,Mode2,426.98,2,2,7.325859492
B_843,Cell0,Type1,Mode2,426.98,2,2,7.325859492
B_844,Cell0,Type8,Mode1,697.002,10,8,8.375336323
B_845,Cell0,Type8,Mode1,697.002,10,8,8.375336323
B_846,Cell0,Type8,Mode1,697.002,10,8,8.375336323
B_847,Cell0,Type5,Mode2,426.98,2,1,6.87593423
B_848,Cell0,Type1,Mode2,426.98,2,2,7.325859492
B_849,Cell0,Type1,Mode2,426.98,2,2,7.325859492
B_850,Cell0,Type1,Mode2,426.98,2,2,7.325859492
B_851,Cell0,Type5,Mode2,426.98,2,1,6.87593423
B_852,Cell0,Type9,Mode2,426.98,2,2,7.325859492
B_853,Cell0,Type5,Mode2,426.98,2,1,6.87593423
B_854,Cell0,Type12,Mode1,979.998,8,64,8.036173393
B_855,Cell0,Type12,Mode1,979.998,8,64,8.036173393
B_856,Cell0,Type9,Mode2,426.98,2,2,7.325859492
B_857,Cell0,Type9,Mode2,426.98,2,2,7.325859492
B_858,Cell0,Type9,Mode2,426.98,2,2,7.325859492
B_859,Cell0,Type5,Mode2,426.98,2,2,7.321524664
B_860,Cell0,Type10,Mode1,697.002,10,32,8.034529148
B_861,Cell0,Type11,Mode1,697.002,10,8,8.046487294
B_862,Cell0,Type11,Mode1,697.002,10,8,8.046487294
B_863,Cell0,Type10,Mode1,697.002,10,32,8.034529148
B_864,Cell0,Type12,Mode1,979.998,8,64,8.036173393
B_865,Cell0,Type10,Mode1,697.002,10,32,8.034529148
B_866,Cell0,Type10,Mode1,697.002,10,32,8.034529148
B_867,Cell0,Type12,Mode1,979.998,8,64,8.036173393
B_868,Cell0,Type10,Mode1,697.002,10,32,8.034529148
B_869,Cell0,Type11,Mode1,697.002,10,8,8.046487294
B_870,Cell0,Type5,Mode2,426.98,2,2,7.325859492
B_871,Cell0,Type5,Mode2,426.98,2,2,7.325859492
B_872,Cell0,Type5,Mode2,426.98,2,2,7.325859492
B_873,Cell0,Type5,Mode2,426.98,2,2,7.316292975
B_874,Cell0,Type5,Mode2,426.98,2,1,6.87593423
B_875,Cell0,Type11,Mode1,697.002,10,8,8.046487294
B_876,Cell0,Type11,Mode1,697.002,10,8,8.046487294
B_877,Cell0,Type11,Mode1,697.002,10,8,8.046487294
B_878,Cell0,Type11,Mode1,697.002,10,8,8.046487294
B_879,Cell0,Type12,Mode1,979.998,8,64,7.916591928
B_880,Cell0,Type12,Mode1,979.998,8,64,7.887443946
B_881,Cell0,Type12,Mode1,979.998,8,64,7.891629297
B_882,Cell0,Type12,Mode1,979.998,8,64,7.916591928
B_883,Cell0,Type5,Mode2,426.98,2,1,6.87593423
B_884,Cell0,Type5,Mode2,426.98,2,1,6.87593423
B_885,Cell0,Type5,Mode2,426.98,2,1,6.87593423
B_886,Cell0,Type5,Mode2,426.98,2,2,7.325859492
B_887,Cell0,Type5,Mode2,426.98,2,2,7.325859492
B_888,Cell0,Type5,Mode2,426.98,2,2,7.325859492
B_889,Cell0,Type5,Mode2,426.98,2,2,7.325859492
B_890,Cell0,Type5,Mode2,426.98,2,2,7.325859492
B_891,Cell0,Type5,Mode2,426.98,2,1,6.87593423
B_892,Cell0,Type5,Mode2,426.98,2,1,6.87593423
B_893,Cell0,Type1,Mode2,426.98,2,2,7.325859492
B_894,Cell0,Type11,Mode1,697.002,10,8,8.046487294
B_895,Cell0,Type12,Mode1,979.998,8,64,8.036173393
B_896,Cell0,Type10,Mode1,697.002,10,32,8.034529148
B_897,Cell0,Type12,Mode1,979.998,8,64,8.036173393
B_898,Cell0,Type11,Mode1,697.002,10,8,8.046487294
B_899,Cell0,Type12,Mode1,979.998,8,64,8.036173393
B_900,Cell0,Type10,Mode1,697.002,10,32,8.034529148
B_901,Cell0,Type10,Mode1,697.002,10,32,8.034529148
B_902,Cell0,Type11,Mode1,697.002,10,8,8.046487294
B_903,Cell0,Type11,Mode1,697.002,10,8,8.046487294
B_904,Cell0,Type11,Mode1,697.002,10,8,8.032735426
B_905,Cell0,Type9,Mode2,426.98,2,2,7.325859492
B_906,Cell0,Type9,Mode2,426.98,2,2,7.325859492
B_907,Cell0,Type9,Mode2,426.98,2,2,7.325859492
B_908,Cell0,Type11,Mode1,697.002,10,8,8.046487294
B_909,Cell0,Type11,Mode1,697.002,10,1,6.691928251
B_910,Cell0,Type1,Mode2,426.98,2,2,7.325859492
B_911,Cell0,Type1,Mode2,426.98,2,2,7.325859492
B_912,Cell0,Type1,Mode2,426.98,2,2,7.325859492
B_913,Cell0,Type1,Mode2,426.98,2,2,7.325859492
B_914,Cell0,Type1,Mode2,426.98,2,2,7.325859492
B_915,Cell0,Type1,Mode2,426.98,2,2,7.325859492
B_916,Cell0,Type1,Mode2,426.98,2,2,7.325859492
B_917,Cell0,Type1,Mode2,426.98,2,2,7.325859492
B_918,Cell0,Type5,Mode2,426.98,2,1,6.87593423
B_919,Cell0,Type11,Mode1,697.002,10,8,8.046487294
B_920,Cell0,Type11,Mode1,697.002,10,8,8.046487294
B_921,Cell0,Type5,Mode2,426.98,2,1,6.87593423
B_922,Cell0,Type5,Mode2,426.98,2,2,7.325859492
B_923,Cell0,Type5,Mode2,426.98,2,1,6.87593423
B_924,Cell0,Type8,Mode1,697.002,10,8,8.375336323
B_925,Cell0,Type8,Mode1,697.002,10,4,7.88206278
B_926,Cell0,Type10,Mode1,697.002,10,32,8.034529148
B_927,Cell0,Type11,Mode1,697.002,10,8,8.046487294
B_928,Cell0,Type10,Mode1,697.002,10,32,8.034529148
B_929,Cell0,Type11,Mode1,697.002,10,8,8.046487294
B_930,Cell0,Type5,Mode2,426.98,2,2,7.325859492
B_931,Cell0,Type11,Mode1,697.002,10,2,7.101345291
B_932,Cell0,Type1,Mode2,426.98,2,2,7.325859492
B_933,Cell0,Type1,Mode2,426.98,2,1,6.87593423
B_934,Cell0,Type5,Mode2,426.98,2,1,6.87593423
B_935,Cell0,Type1,Mode2,426.98,2,2,7.325859492
B_936,Cell0,Type1,Mode2,426.98,2,2,7.325859492
B_937,Cell0,Type1,Mode2,426.98,2,2,7.325859492
B_938,Cell0,Type10,Mode1,697.002,10,32,8.034529148
B_939,Cell0,Type10,Mode1,697.002,10,32,8.034529148
B_940,Cell0,Type10,Mode1,697.002,10,32,8.034529148
B_941,Cell0,Type11,Mode1,697.002,10,8,8.046487294
B_942,Cell0,Type11,Mode1,697.002,10,8,8.046487294
B_943,Cell0,Type11,Mode1,697.002,10,8,8.046487294
B_944,Cell0,Type11,Mode1,697.002,10,8,8.046487294
B_945,Cell0,Type5,Mode2,426.98,2,2,7.325859492
B_946,Cell0,Type5,Mode2,426.98,2,2,7.325859492
B_947,Cell0,Type5,Mode2,426.98,2,2,7.325859492
B_948,Cell0,Type1,Mode2,426.98,2,2,7.325859492
B_949,Cell0,Type1,Mode2,426.98,2,2,7.325859492
B_950,Cell0,Type1,Mode2,426.98,2,2,7.325859492
B_951,Cell0,Type5,Mode2,426.98,2,1,6.372795217
B_952,Cell0,Type9,Mode2,426.98,2,2,7.325859492
B_953,Cell0,Type9,Mode2,426.98,2,2,7.325859492
B_954,Cell0,Type5,Mode2,426.98,2,1,6.87593423
B_955,Cell0,Type11,Mode1,697.002,10,8,8.046487294
B_956,Cell0,Type11,Mode1,697.002,10,8,8.046487294
B_957,Cell0,Type11,Mode1,697.002,10,8,8.046487294
B_958,Cell0,Type11,Mode1,697.002,10,8,8.046487294
B_959,Cell0,Type12,Mode1,979.998,8,64,8.036173393
B_960,Cell0,Type12,Mode1,979.998,8,64,8.013303438
B_961,Cell0,Type12,Mode1,979.998,8,64,8.036173393
B_962,Cell0,Type12,Mode1,979.998,8,64,8.036173393
B_963,Cell0,Type5,Mode2,426.98,2,2,7.325859492
B_964,Cell0,Type1,Mode2,426.98,2,2,7.325859492
B_965,Cell0,Type1,Mode2,426.98,2,2,7.325859492
B_966,Cell0,Type5,Mode2,426.98,2,2,7.325859492
B_967,Cell0,Type9,Mode2,426.98,2,2,7.325859492
B_968,Cell0,Type9,Mode2,426.98,2,2,7.325859492
B_969,Cell0,Type9,Mode2,426.98,2,2,7.325859492
B_970,Cell0,Type9,Mode2,426.98,2,2,7.325859492
B_971,Cell0,Type9,Mode2,426.98,2,2,7.325859492
B_972,Cell0,Type10,Mode1,697.002,10,32,8.034529148
B_973,Cell0,Type8,Mode1,697.002,10,8,8.375336323
B_974,Cell0,Type5,Mode2,426.98,2,2,7.31838565
B_975,Cell0,Type12,Mode1,979.998,8,64,8.036173393
B_976,Cell0,Type12,Mode1,979.998,8,64,8.036173393
B_977,Cell0,Type8,Mode1,697.002,10,8,8.375336323
B_978,Cell0,Type1,Mode2,426.98,2,2,7.325859492
B_979,Cell0,Type12,Mode1,979.998,8,64,8.036173393
B_980,Cell0,Type1,Mode2,426.98,2,2,7.325859492
B_981,Cell0,Type1,Mode2,426.98,2,2,7.325859492
B_982,Cell0,Type1,Mode2,426.98,2,2,7.325859492
B_983,Cell0,Type8,Mode1,697.002,10,8,8.375336323
B_984,Cell0,Type12,Mode1,979.998,8,64,8.036173393
B_985,Cell0,Type8,Mode1,697.002,10,8,8.375336323
B_986,Cell0,Type9,Mode2,426.98,2,2,7.325859492
B_987,Cell0,Type9,Mode2,426.98,2,2,7.325859492
B_988,Cell0,Type9,Mode2,426.98,2,2,7.325859492
B_989,Cell0,Type9,Mode2,426.98,2,2,7.325859492
B_990,Cell0,Type9,Mode2,426.98,2,2,7.325859492
B_991,Cell0,Type5,Mode2,426.98,2,1,6.87593423
B_992,Cell0,Type5,Mode2,426.98,2,1,6.87593423
B_993,Cell0,Type5,Mode2,426.98,2,2,7.325859492
B_994,Cell0,Type9,Mode2,426.98,2,2,7.325859492
B_995,Cell0,Type9,Mode2,426.98,2,2,7.325859492
B_996,Cell0,Type9,Mode2,426.98,2,2,7.325859492
B_997,Cell0,Type9,Mode2,426.98,2,2,7.325859492
B_998,Cell0,Type9,Mode2,426.98,2,2,7.325859492
B_999,Cell0,Type5,Mode2,426.98,2,1,6.87593423
B_1000,Cell0,Type1,Mode2,426.98,2,2,7.325859492
B_1001,Cell0,Type1,Mode2,426.98,2,2,7.325710015
B_1002,Cell0,Type1,Mode2,426.98,2,2,7.325859492
B_1003,Cell0,Type10,Mode1,697.002,10,32,8.034529148
B_1004,Cell0,Type10,Mode1,697.002,10,32,8.034529148
B_1005,Cell0,Type10,Mode1,697.002,10,32,8.034529148
B_1006,Cell0,Type5,Mode2,426.98,2,2,7.319431988
B_1007,Cell0,Type10,Mode1,697.002,10,32,8.034529148
B_1008,Cell0,Type1,Mode2,426.98,2,2,7.325859492
B_1009,Cell0,Type1,Mode2,426.98,2,2,7.325859492
B_1010,Cell0,Type12,Mode1,979.998,8,64,7.916591928
B_1011,Cell0,Type12,Mode1,979.998,8,64,7.916591928
B_1012,Cell0,Type12,Mode1,979.998,8,64,7.916591928
B_1013,Cell0,Type1,Mode2,426.98,2,2,7.325859492
B_1014,Cell0,Type1,Mode2,426.98,2,2,7.325859492
B_1015,Cell0,Type11,Mode1,697.002,10,8,8.046487294
B_1016,Cell0,Type11,Mode1,697.002,10,8,8.046487294
B_1017,Cell0,Type11,Mode1,697.002,10,8,8.046487294
B_1018,Cell0,Type5,Mode2,426.98,2,2,7.325859492
B_1019,Cell0,Type11,Mode1,697.002,10,2,7.086397608
B_0,Cell1,Type1,Mode2,426.98,2,4,7.327503737
B_2,Cell1,Type1,Mode2,426.98,2,4,7.327503737
B_7,Cell1,Type1,Mode2,426.98,2,4,7.327503737
B_8,Cell1,Type1,Mode2,426.98,2,2,7.325859492
B_10,Cell1,Type1,Mode2,426.98,2,2,7.323617339
B_16,Cell1,Type1,Mode2,426.98,2,2,7.325859492
B_17,Cell1,Type1,Mode2,426.98,2,2,7.325859492
B_19,Cell1,Type1,Mode2,426.98,2,2,7.325859492
B_25,Cell1,Type1,Mode2,426.98,2,2,7.325859492
B_26,Cell1,Type1,Mode2,426.98,2,2,7.325859492
B_28,Cell1,Type1,Mode2,426.98,2,2,7.325859492
B_34,Cell1,Type1,Mode2,426.98,2,2,7.325859492
B_35,Cell1,Type1,Mode2,426.98,2,2,7.325859492
B_36,Cell1,Type1,Mode2,426.98,2,2,7.325859492
B_41,Cell1,Type1,Mode2,426.98,2,2,7.325859492
B_43,Cell1,Type1,Mode2,426.98,2,2,7.325859492
B_46,Cell1,Type1,Mode2,426.98,2,2,7.325859492
B_62,Cell1,Type1,Mode2,426.98,2,2,6.877428999
B_63,Cell1,Type1,Mode2,426.98,2,2,6.877428999
B_77,Cell1,Type1,Mode2,426.98,2,4,7.327503737
B_79,Cell1,Type1,Mode2,426.98,2,4,7.327503737
B_85,Cell1,Type5,Mode2,426.98,2,2,6.761584454
B_89,Cell1,Type1,Mode2,426.98,2,2,7.325859492
B_91,Cell1,Type1,Mode2,426.98,2,2,7.325859492
B_97,Cell1,Type1,Mode2,426.98,2,2,7.325859492
B_105,Cell1,Type1,Mode2,365,20,2,6.87593423
B_106,Cell1,Type1,Mode2,426.98,2,2,7.325859492
B_108,Cell1,Type1,Mode2,426.98,2,2,7.325859492
B_111,Cell1,Type1,Mode2,426.98,2,2,7.325859492
B_112,Cell1,Type1,Mode2,426.98,2,4,7.327503737
B_113,Cell1,Type1,Mode2,426.98,2,4,7.327503737
B_118,Cell1,Type1,Mode2,426.98,2,2,7.325859492
B_120,Cell1,Type1,Mode2,426.98,2,2,7.325859492
B_126,Cell1,Type1,Mode2,426.98,2,2,7.325859492
B_127,Cell1,Type1,Mode2,426.98,2,2,7.325859492
B_128,Cell1,Type1,Mode2,426.98,2,2,7.325859492
B_133,Cell1,Type1,Mode2,426.98,2,2,7.325859492
B_135,Cell1,Type1,Mode2,426.98,2,2,7.325859492
B_141,Cell1,Type1,Mode2,426.98,2,2,7.325859492
B_142,Cell1,Type1,Mode2,426.98,2,2,7.325859492
B_144,Cell1,Type1,Mode2,426.98,2,2,7.325859492
B_150,Cell1,Type1,Mode2,426.98,2,2,7.325859492
B_151,Cell1,Type1,Mode2,426.98,2,2,7.325859492
B_152,Cell1,Type1,Mode2,426.98,2,2,7.325859492
B_160,Cell1,Type1,Mode2,426.98,2,2,7.325859492
B_162,Cell1,Type1,Mode2,426.98,2,2,7.325859492
B_168,Cell1,Type1,Mode2,426.98,2,2,7.325859492
B_170,Cell1,Type1,Mode2,426.98,2,2,7.325859492
B_172,Cell1,Type1,Mode2,426.98,2,2,6.877428999
B_174,Cell1,Type1,Mode2,426.98,2,2,6.877428999
B_180,Cell1,Type1,Mode2,426.98,2,2,6.877428999
B_181,Cell1,Type1,Mode2,426.98,2,2,7.325859492
B_182,Cell1,Type1,Mode2,426.98,2,2,7.325859492
B_188,Cell1,Type1,Mode2,426.98,2,4,7.327503737
B_190,Cell1,Type1,Mode2,426.98,2,2,7.325859492
B_191,Cell1,Type1,Mode2,426.98,2,2,7.325859492
B_209,Cell1,Type1,Mode2,426.98,2,4,7.327503737
B_223,Cell1,Type1,Mode2,426.98,2,2,7.325859492
B_224,Cell1,Type1,Mode2,426.98,2,2,7.325859492
B_229,Cell1,Type1,Mode2,426.98,2,2,7.325859492
B_231,Cell1,Type1,Mode2,426.98,2,2,7.325859492
B_234,Cell1,Type1,Mode2,426.98,2,2,7.325859492
B_235,Cell1,Type1,Mode2,426.98,2,2,7.325859492
B_236,Cell1,Type1,Mode2,426.98,2,2,7.325859492
B_241,Cell1,Type1,Mode2,426.98,2,2,7.325859492
B_243,Cell1,Type1,Mode2,426.98,2,2,7.325859492
B_249,Cell1,Type1,Mode2,426.98,2,2,7.325859492
B_250,Cell1,Type1,Mode2,426.98,2,2,7.325859492
B_252,Cell1,Type1,Mode2,426.98,2,2,7.325859492
B_258,Cell1,Type1,Mode2,426.98,2,2,7.325859492
B_260,Cell1,Type1,Mode2,426.98,2,2,7.325859492
B_262,Cell1,Type1,Mode2,426.98,2,2,7.325859492
B_269,Cell1,Type1,Mode2,426.98,2,2,7.325859492
B_270,Cell1,Type1,Mode2,426.98,2,2,7.325859492
B_297,Cell1,Type1,Mode2,426.98,10,2,6.427503737
B_298,Cell1,Type1,Mode2,426.98,10,2,6.427503737
B_301,Cell1,Type1,Mode2,426.98,2,4,7.327503737
B_303,Cell1,Type1,Mode2,426.98,2,4,7.327503737
B_322,Cell1,Type1,Mode2,426.98,2,2,7.325859492
B_324,Cell1,Type1,Mode2,426.98,2,2,7.325859492
B_330,Cell1,Type1,Mode2,426.98,2,2,7.325859492
B_346,Cell1,Type1,Mode2,426.98,2,2,7.325859492
B_348,Cell1,Type1,Mode2,426.98,2,2,7.325859492
B_354,Cell1,Type1,Mode2,426.98,2,2,7.325859492
B_355,Cell1,Type1,Mode2,426.98,2,2,7.325859492
B_357,Cell1,Type1,Mode2,426.98,2,2,7.325859492
B_362,Cell1,Type1,Mode2,426.98,2,2,7.325859492
B_366,Cell1,Type1,Mode2,426.98,2,2,7.325859492
B_382,Cell1,Type1,Mode2,426.98,2,2,7.325859492
B_386,Cell1,Type1,Mode2,426.98,2,4,7.327503737
B_388,Cell1,Type1,Mode2,426.98,2,4,7.327503737
B_392,Cell1,Type1,Mode2,426.98,2,4,7.327503737
B_428,Cell1,Type1,Mode2,426.98,2,4,7.327503737
B_430,Cell1,Type1,Mode2,426.98,2,4,7.327503737
B_433,Cell1,Type3,Mode2,155.6,10,2,6.427503737
B_434,Cell1,Type3,Mode2,155.6,10,2,6.427503737
B_435,Cell1,Type3,Mode2,189,10,2,6.427503737
B_436,Cell1,Type1,Mode2,426.98,2,4,7.327503737
B_437,Cell1,Type1,Mode2,426.98,2,2,7.325859492
B_439,Cell1,Type1,Mode2,426.98,2,2,7.325859492
B_445,Cell1,Type1,Mode2,426.98,2,2,7.325859492
B_466,Cell1,Type1,Mode2,426.98,2,2,7.325859492
B_468,Cell1,Type1,Mode2,426.98,2,2,7.325859492
B_474,Cell1,Type1,Mode2,426.98,2,2,7.325859492
B_475,Cell1,Type1,Mode2,426.98,2,2,7.325859492
B_476,Cell1,Type1,Mode2,426.98,2,2,7.325859492
B_477,Cell1,Type1,Mode2,426.98,2,2,7.325859492
B_478,Cell1,Type1,Mode2,426.98,2,2,7.325859492
B_485,Cell1,Type1,Mode2,426.98,2,2,7.323617339
B_500,Cell1,Type1,Mode2,426.98,2,4,7.327503737
B_502,Cell1,Type1,Mode2,426.98,2,4,7.327503737
B_505,Cell1,Type3,Mode2,189,10,2,6.427503737
B_506,Cell1,Type3,Mode2,189,10,2,6.427503737
B_507,Cell1,Type1,Mode2,426.98,2,4,7.327503737
B_508,Cell1,Type1,Mode2,426.98,2,2,7.325859492
B_510,Cell1,Type1,Mode2,426.98,2,2,7.325859492
B_516,Cell1,Type1,Mode2,426.98,2,2,7.325859492
B_517,Cell1,Type1,Mode2,426.98,2,2,7.325859492
B_519,Cell1,Type1,Mode2,426.98,2,2,7.325859492
B_525,Cell1,Type1,Mode2,426.98,2,2,7.325859492
B_526,Cell1,Type1,Mode2,426.98,2,2,7.325859492
B_532,Cell1,Type1,Mode2,426.98,2,4,7.327503737
B_534,Cell1,Type1,Mode2,426.98,2,4,7.327503737
B_539,Cell1,Type1,Mode2,426.98,2,4,7.327503737
B_540,Cell1,Type1,Mode2,426.98,2,2,7.325859492
B_541,Cell1,Type1,Mode2,426.98,2,2,7.325859492
B_555,Cell1,Type1,Mode2,426.98,2,2,6.877428999
B_557,Cell1,Type1,Mode2,426.98,2,2,6.877428999
B_563,Cell1,Type1,Mode2,426.98,2,2,6.877428999
B_572,Cell1,Type1,Mode2,426.98,2,2,7.325859492
B_573,Cell1,Type1,Mode2,426.98,2,2,7.325859492
B_583,Cell1,Type3,Mode2,189,10,2,6.427503737
B_584,Cell1,Type3,Mode2,189,10,2,6.427503737
B_585,Cell1,Type3,Mode2,189,10,2,6.427503737
B_595,Cell1,Type1,Mode2,426.98,2,2,7.325859492
B_597,Cell1,Type1,Mode2,426.98,2,2,7.325859492
B_603,Cell1,Type1,Mode2,426.98,2,2,7.325859492
B_605,Cell1,Type1,Mode2,426.98,10,2,6.427503737
B_607,Cell1,Type1,Mode2,426.98,2,1,6.87593423
B_626,Cell1,Type1,Mode2,426.98,2,2,7.325859492
B_628,Cell1,Type1,Mode2,426.98,2,2,7.325859492
B_634,Cell1,Type1,Mode2,426.98,2,2,7.325859492
B_635,Cell1,Type1,Mode2,426.98,2,2,7.325859492
B_637,Cell1,Type1,Mode2,426.98,2,2,7.325859492
B_643,Cell1,Type1,Mode2,426.98,2,2,7.325859492
B_656,Cell1,Type1,Mode2,426.98,2,2,7.325859492
B_658,Cell1,Type1,Mode2,426.98,2,2,7.325859492
B_664,Cell1,Type1,Mode2,426.98,2,2,7.325859492
B_665,Cell1,Type1,Mode2,426.98,2,2,7.325859492
B_667,Cell1,Type1,Mode2,426.98,2,2,7.325859492
B_673,Cell1,Type1,Mode2,426.98,2,2,7.325859492
B_680,Cell1,Type1,Mode2,426.98,2,2,7.325859492
B_682,Cell1,Type1,Mode2,426.98,2,2,7.325859492
B_688,Cell1,Type1,Mode2,426.98,2,2,7.325859492
B_692,Cell1,Type1,Mode2,426.98,2,2,7.325859492
B_694,Cell1,Type1,Mode2,426.98,2,2,7.325859492
B_700,Cell1,Type1,Mode2,426.98,2,2,7.325859492
B_701,Cell1,Type1,Mode2,426.98,2,2,7.325859492
B_703,Cell1,Type1,Mode2,426.98,2,2,7.325859492
B_709,Cell1,Type1,Mode2,426.98,2,2,7.325859492
B_710,Cell1,Type1,Mode2,426.98,2,2,7.325859492
B_712,Cell1,Type1,Mode2,426.98,2,2,7.325859492
B_718,Cell1,Type1,Mode2,426.98,2,2,7.325859492
B_719,Cell1,Type1,Mode2,426.98,2,2,7.325859492
B_721,Cell1,Type1,Mode2,426.98,2,2,7.325859492
B_727,Cell1,Type1,Mode2,426.98,2,2,7.325859492
B_728,Cell1,Type1,Mode2,426.98,2,2,7.325859492
B_729,Cell1,Type1,Mode2,426.98,2,2,7.325859492
B_734,Cell1,Type1,Mode2,426.98,2,2,7.325859492
B_735,Cell1,Type1,Mode2,426.98,2,2,7.325859492
B_740,Cell1,Type2,Mode2,532,20,2,6.87593423
B_741,Cell1,Type3,Mode2,189,10,2,6.427503737
B_742,Cell1,Type1,Mode2,426.98,2,4,7.327503737
B_745,Cell1,Type1,Mode2,365,20,2,6.87593423
B_758,Cell1,Type1,Mode2,426.98,2,2,7.344245142
B_760,Cell1,Type1,Mode2,426.98,2,2,7.340209268
B_766,Cell1,Type1,Mode2,426.98,2,2,7.336173393
B_773,Cell1,Type1,Mode2,426.98,2,2,7.325859492
B_775,Cell1,Type1,Mode2,426.98,2,2,7.325859492
B_781,Cell1,Type1,Mode2,426.98,2,2,7.325859492
B_789,Cell1,Type1,Mode2,426.98,2,2,6.877428999
B_794,Cell1,Type1,Mode2,426.98,2,2,6.877428999
B_795,Cell1,Type1,Mode2,426.98,2,2,6.877428999
B_803,Cell1,Type1,Mode2,365,20,2,6.87593423
B_804,Cell1,Type1,Mode2,365,20,2,6.87593423
B_805,Cell1,Type1,Mode2,365,20,2,6.87593423
B_806,Cell1,Type1,Mode2,426.98,2,2,7.325859492
B_812,Cell1,Type1,Mode2,426.98,2,2,7.325859492
B_814,Cell1,Type1,Mode2,426.98,2,2,7.325859492
B_820,Cell1,Type1,Mode2,426.98,2,2,7.325859492
B_837,Cell1,Type11,Mode1,697.002,10,8,7.550074738
B_838,Cell1,Type11,Mode1,697.002,10,8,7.598056801
B_925,Cell1,Type8,Mode1,697.002,10,4,7.877727952
B_105,Cell2,Type1,Mode2,426.98,2,2,6.877428999
B_745,Cell2,Type1,Mode2,426.98,2,2,6.877428999
B_105,Cell3,Type1,Mode2,426.98,2,2,6.877428999
B_745,Cell3,Type1,Mode2,426.98,2,2,6.877428999
