{
  "description": "This is a system generated manifest of files expected to be present in this zip. It can be safely deleted.",
  "metadata": {
    "generated_at": "2023-07-28T11:50:14+00:00",
    "trigger": {
      "file_hashid": "unknown",
      "action": "unknown"
    }
  },
  "manifest": [
    {
      "filename": "SampleSubmission.csv",
      "filesize": 729107,
      "description": "Is an example of what your submission file should look like. The order of the rows does not matter, but the names of the \"ID\" must be correct.",
      "created_at": "2023-07-28 11:50:11 UTC",
      "updated_at": "2023-07-28 11:50:14 UTC"
    }
  ]
}